<?xml version="1.0" encoding="UTF-8"?>
<project-private xmlns="http://www.netbeans.org/ns/project-private/1">
    <editor-bookmarks xmlns="http://www.netbeans.org/ns/editor-bookmarks/2" lastBookmarkId="0"/>
    <open-files xmlns="http://www.netbeans.org/ns/projectui-open-files/2">
        <group>
            <file>file:/C:/Users/tjlic/OneDrive/Documents/NetBeansProjects/Proto/src/EmployeeQueries.java</file>
            <file>file:/C:/Users/tjlic/OneDrive/Documents/NetBeansProjects/Proto/src/MainA.java</file>
            <file>file:/C:/Users/tjlic/OneDrive/Documents/NetBeansProjects/Proto/src/PackageManager.java</file>
            <file>file:/C:/Users/tjlic/OneDrive/Documents/NetBeansProjects/Proto/src/Main.java</file>
            <file>file:/C:/Users/tjlic/OneDrive/Documents/NetBeansProjects/Proto/src/EmployeeManager.java</file>
            <file>file:/C:/Users/tjlic/OneDrive/Documents/NetBeansProjects/Proto/src/PackageQueries.java</file>
            <file>file:/C:/Users/tjlic/OneDrive/Documents/NetBeansProjects/Proto/src/DroneManagerA.java</file>
        </group>
    </open-files>
</project-private>
